images\image001.jpg;4
images\image002.jpg;0
images\image003.jpg;0
images\image004.jpg;0
images\image005.jpg;0
images\image006.jpg;3
images\image007.jpg;2
images\image008.jpg;1
images\image009.jpg;4
images\image010.jpg;1
images\image011.jpg;4
images\image012.jpg;2
images\image013.jpg;1
images\image014.jpg;0
images\image015.jpg;0
images\image016.jpg;0
images\image017.jpg;0
images\image018.jpg;7
images\image019.jpg;2
images\image020.jpg;4
images\image021.jpg;0
images\image022.jpg;0
images\image023.jpg;1
images\image024.jpg;0
images\image025.jpg;7
images\image026.jpg;2
images\image027.jpg;0
images\image028.jpg;0
images\image029.jpg;2
images\image030.jpg;5
images\image031.jpg;2
images\image032.jpg;8
images\image033.jpg;0
images\image034.jpg;2
images\image035.jpg;2
images\image036.jpg;4
images\image037.jpg;0
images\image038.jpg;0
images\image039.jpg;8
images\image040.jpg;8
images\image041.jpg;2
images\image042.jpg;4
images\image043.jpg;0
images\image044.jpg;2
images\image045.jpg;7
images\image046.jpg;3
images\image047.jpg;0
images\image048.jpg;1
images\image049.jpg;8
images\image050.jpg;0
images\image051.jpg;0
images\image052.jpg;8
images\image053.jpg;2
images\image054.jpg;1
images\image055.jpg;0
images\image056.jpg;0
images\image057.jpg;8
images\image058.jpg;0
images\image059.jpg;0
images\image060.jpg;0
images\image061.jpg;8
images\image062.jpg;2
images\image063.jpg;0
images\image064.jpg;4
images\image065.jpg;1
images\image066.jpg;0
images\image067.jpg;2
images\image068.jpg;0
images\image069.jpg;7
images\image070.jpg;0
images\image071.jpg;0
images\image072.jpg;0
images\image073.jpg;2
images\image074.jpg;2
images\image075.jpg;0
images\image076.jpg;0
images\image077.jpg;1
images\image078.jpg;0
images\image079.jpg;4
images\image080.jpg;0
images\image081.jpg;2
images\image082.jpg;4
images\image083.jpg;1
images\image084.jpg;2
images\image085.jpg;0
images\image086.jpg;1
images\image087.jpg;4
images\image088.jpg;0
images\image089.jpg;7
images\image090.jpg;4
images\image091.jpg;2
images\image092.jpg;4
images\image093.jpg;4
images\image094.jpg;2
images\image095.jpg;2
images\image096.jpg;2
images\image097.jpg;6
images\image098.jpg;2
images\image099.jpg;4
images\image100.jpg;2
images\image101.jpg;4
images\image102.jpg;6
images\image103.jpg;0
images\image104.jpg;0
images\image105.jpg;7
images\image106.jpg;0
images\image107.jpg;2
images\image108.jpg;2
images\image109.jpg;3
images\image110.jpg;0
images\image111.jpg;0
images\image112.jpg;0
images\image113.jpg;2
images\image114.jpg;2
images\image115.jpg;0
images\image116.jpg;7
images\image117.jpg;4
images\image118.jpg;2
images\image119.jpg;7
images\image120.jpg;7
images\image121.jpg;0
images\image122.jpg;7
images\image123.jpg;6
images\image124.jpg;2
images\image125.jpg;4
images\image126.jpg;0
images\image127.jpg;4
images\image128.jpg;0
images\image129.jpg;8
images\image130.jpg;0
images\image131.jpg;4
images\image132.jpg;0
images\image133.jpg;7
images\image134.jpg;0
images\image135.jpg;0
images\image136.jpg;8
images\image137.jpg;8
images\image138.jpg;4
images\image139.jpg;1
images\image140.jpg;2
images\image141.jpg;0
