images\split\0000.jpg,0
images\split\0001.jpg,5
images\split\0002.jpg,0
images\split\0003.jpg,0
images\split\0004.jpg,0
images\split\0005.jpg,3
images\split\0006.jpg,0
images\split\0007.jpg,0
images\split\0008.jpg,0
images\split\0009.jpg,0
images\split\0010.jpg,0
images\split\0011.jpg,0
images\split\0012.jpg,0
images\split\0013.jpg,0
images\split\0014.jpg,0
images\split\0015.jpg,0
images\split\0016.jpg,6
images\split\0017.jpg,0
images\split\0018.jpg,0
images\split\0019.jpg,3
images\split\0020.jpg,0
images\split\0021.jpg,0
images\split\0022.jpg,2
images\split\0023.jpg,0
images\split\0024.jpg,0
images\split\0025.jpg,4
images\split\0026.jpg,0
images\split\0027.jpg,0
images\split\0028.jpg,2
images\split\0029.jpg,0
images\split\0030.jpg,0
images\split\0031.jpg,5
images\split\0032.jpg,0
images\split\0033.jpg,0
images\split\0034.jpg,3
images\split\0035.jpg,0
images\split\0036.jpg,0
images\split\0037.jpg,2
images\split\0038.jpg,0
images\split\0039.jpg,0
images\split\0040.jpg,0
images\split\0041.jpg,2
images\split\0042.jpg,0
images\split\0043.jpg,0
images\split\0044.jpg,0
images\split\0045.jpg,0
images\split\0046.jpg,0
images\split\0047.jpg,0
images\split\0048.jpg,0
images\split\0049.jpg,0
images\split\0050.jpg,0
images\split\0051.jpg,0
images\split\0052.jpg,1
images\split\0053.jpg,0
images\split\0054.jpg,0
images\split\0055.jpg,3
images\split\0056.jpg,0
images\split\0057.jpg,0
images\split\0058.jpg,5
images\split\0059.jpg,0
images\split\0060.jpg,2
images\split\0061.jpg,0
images\split\0062.jpg,0
images\split\0063.jpg,0
images\split\0064.jpg,0
images\split\0065.jpg,4
images\split\0066.jpg,0
images\split\0067.jpg,2
images\split\0068.jpg,0
images\split\0069.jpg,3
images\split\0070.jpg,0
images\split\0071.jpg,0
images\split\0072.jpg,0
images\split\0073.jpg,1
images\split\0074.jpg,0
images\split\0075.jpg,0
images\split\0076.jpg,3
images\split\0077.jpg,0
images\split\0078.jpg,0
images\split\0079.jpg,0
images\split\0080.jpg,0
images\split\0081.jpg,3
images\split\0082.jpg,0
images\split\0083.jpg,0
images\split\0084.jpg,0
images\split\0085.jpg,3
images\split\0086.jpg,0
images\split\0087.jpg,0
images\split\0088.jpg,7
images\split\0089.jpg,0
images\split\0090.jpg,0
images\split\0091.jpg,3
images\split\0092.jpg,0
images\split\0093.jpg,0
images\split\0094.jpg,0
images\split\0095.jpg,0
images\split\0096.jpg,0
images\split\0097.jpg,0
images\split\0098.jpg,0
images\split\0099.jpg,0
images\split\0100.jpg,3
images\split\0101.jpg,0
images\split\0102.jpg,0
images\split\0103.jpg,3
images\split\0104.jpg,0
images\split\0105.jpg,0
images\split\0106.jpg,5
images\split\0107.jpg,0
images\split\0108.jpg,0
images\split\0109.jpg,0
images\split\0110.jpg,0
images\split\0111.jpg,0
images\split\0112.jpg,0
images\split\0113.jpg,0
images\split\0114.jpg,0
images\split\0115.jpg,0
images\split\0116.jpg,0
images\split\0117.jpg,0
images\split\0118.jpg,0
images\split\0119.jpg,0
images\split\0120.jpg,0
images\split\0121.jpg,3
images\split\0122.jpg,0
images\split\0123.jpg,0
images\split\0124.jpg,4
images\split\0125.jpg,0
images\split\0126.jpg,2
images\split\0127.jpg,0
images\split\0128.jpg,0
images\split\0129.jpg,0
images\split\0130.jpg,3
images\split\0131.jpg,0
images\split\0132.jpg,0
images\split\0133.jpg,1
images\split\0134.jpg,0
images\split\0135.jpg,0
images\split\0136.jpg,6
images\split\0137.jpg,0
images\split\0138.jpg,0
images\split\0139.jpg,1
images\split\0140.jpg,0
images\split\0141.jpg,0
images\split\0142.jpg,2
images\split\0143.jpg,0
images\split\0144.jpg,0
images\split\0145.jpg,0
images\split\0146.jpg,0
images\split\0147.jpg,0
images\split\0148.jpg,0
images\split\0149.jpg,0
images\split\0150.jpg,2
images\split\0151.jpg,0
images\split\0152.jpg,3
images\split\0153.jpg,0
images\split\0154.jpg,0
images\split\0155.jpg,0
images\split\0156.jpg,0
images\split\0157.jpg,3
images\split\0158.jpg,0
images\split\0159.jpg,0
images\split\0160.jpg,2
images\split\0161.jpg,0
images\split\0162.jpg,0
images\split\0163.jpg,0
images\split\0164.jpg,0
images\split\0165.jpg,0
images\split\0166.jpg,0
images\split\0167.jpg,0
images\split\0168.jpg,0
images\split\0169.jpg,0
images\split\0170.jpg,0
images\split\0171.jpg,3
images\split\0172.jpg,0
images\split\0173.jpg,0
images\split\0174.jpg,0
images\split\0175.jpg,0
images\split\0176.jpg,0
images\split\0177.jpg,0
images\split\0178.jpg,0
images\split\0179.jpg,0
images\split\0180.jpg,0
images\split\0181.jpg,0
images\split\0182.jpg,0
images\split\0183.jpg,0
images\split\0184.jpg,3
images\split\0185.jpg,0
images\split\0186.jpg,0
images\split\0187.jpg,0
images\split\0188.jpg,5
images\split\0189.jpg,0
images\split\0190.jpg,5
images\split\0191.jpg,0
images\split\0192.jpg,0
images\split\0193.jpg,2
images\split\0194.jpg,0
images\split\0195.jpg,0
images\split\0196.jpg,0
images\split\0197.jpg,0
images\split\0198.jpg,0
images\split\0199.jpg,3
images\split\0200.jpg,0
images\split\0201.jpg,3
images\split\0202.jpg,0
images\split\0203.jpg,0
images\split\0204.jpg,0
images\split\0205.jpg,1
images\split\0206.jpg,0
images\split\0207.jpg,0
images\split\0208.jpg,0
images\split\0209.jpg,3
images\split\0210.jpg,0
images\split\0211.jpg,0
images\split\0212.jpg,0
images\split\0213.jpg,0
images\split\0214.jpg,0
images\split\0215.jpg,0
images\split\0216.jpg,0
images\split\0217.jpg,3
images\split\0218.jpg,0
images\split\0219.jpg,0
images\split\0220.jpg,3
images\split\0221.jpg,0
images\split\0222.jpg,0
images\split\0223.jpg,0
images\split\0224.jpg,0
images\split\0225.jpg,0
images\split\0226.jpg,0
images\split\0227.jpg,0
images\split\0228.jpg,0
images\split\0229.jpg,2
images\split\0230.jpg,0
images\split\0231.jpg,0
images\split\0232.jpg,0
images\split\0233.jpg,3
images\split\0234.jpg,0
images\split\0235.jpg,4
images\split\0236.jpg,0
images\split\0237.jpg,0
images\split\0238.jpg,0
images\split\0239.jpg,3
images\split\0240.jpg,0
images\split\0241.jpg,3
images\split\0242.jpg,0
images\split\0243.jpg,0
images\split\0244.jpg,4
images\split\0245.jpg,0
images\split\0246.jpg,0
images\split\0247.jpg,2
images\split\0248.jpg,0
images\split\0249.jpg,0
images\split\0250.jpg,3
images\split\0251.jpg,0
images\split\0252.jpg,0
images\split\0253.jpg,0
images\split\0254.jpg,0
images\split\0255.jpg,0
images\split\0256.jpg,2
images\split\0257.jpg,0
images\split\0258.jpg,0
images\split\0259.jpg,4
images\split\0260.jpg,0
images\split\0261.jpg,3
images\split\0262.jpg,0
images\split\0263.jpg,5
images\split\0264.jpg,0
images\split\0265.jpg,1
images\split\0266.jpg,0
images\split\0267.jpg,0
images\split\0268.jpg,4
images\split\0269.jpg,0
images\split\0270.jpg,0
images\split\0271.jpg,3
images\split\0272.jpg,0
images\split\0273.jpg,0
images\split\0274.jpg,4
images\split\0275.jpg,0
images\split\0276.jpg,0
images\split\0277.jpg,4
images\split\0278.jpg,0
images\split\0279.jpg,0
images\split\0280.jpg,3
images\split\0281.jpg,0
images\split\0282.jpg,0
images\split\0283.jpg,3
images\split\0284.jpg,0
images\split\0285.jpg,0
images\split\0286.jpg,3
images\split\0287.jpg,0
images\split\0288.jpg,0
images\split\0289.jpg,9
images\split\0290.jpg,0
images\split\0291.jpg,0
images\split\0292.jpg,3
images\split\0293.jpg,0
images\split\0294.jpg,0
images\split\0295.jpg,4
images\split\0296.jpg,0
images\split\0297.jpg,0
images\split\0298.jpg,3
images\split\0299.jpg,0
images\split\0300.jpg,0
images\split\0301.jpg,5
images\split\0302.jpg,0
images\split\0303.jpg,2
images\split\0304.jpg,9
images\split\0305.jpg,3
images\split\0306.jpg,0
images\split\0307.jpg,0
images\split\0308.jpg,0
images\split\0309.jpg,3
images\split\0310.jpg,0
images\split\0311.jpg,0
images\split\0312.jpg,0
images\split\0313.jpg,1
images\split\0314.jpg,0
images\split\0315.jpg,0
images\split\0316.jpg,0
images\split\0317.jpg,0
images\split\0318.jpg,0
images\split\0319.jpg,3
images\split\0320.jpg,0
images\split\0321.jpg,0
images\split\0322.jpg,3
images\split\0323.jpg,0
images\split\0324.jpg,0
images\split\0325.jpg,6
images\split\0326.jpg,9
images\split\0327.jpg,3
images\split\0328.jpg,0
images\split\0329.jpg,3
images\split\0330.jpg,0
images\split\0331.jpg,0
images\split\0332.jpg,0
images\split\0333.jpg,0
images\split\0334.jpg,0
images\split\0335.jpg,0
images\split\0336.jpg,0
images\split\0337.jpg,3
images\split\0338.jpg,0
images\split\0339.jpg,0
images\split\0340.jpg,3
images\split\0341.jpg,0
images\split\0342.jpg,0
images\split\0343.jpg,0
images\split\0344.jpg,0
images\split\0345.jpg,3
images\split\0346.jpg,1
images\split\0347.jpg,0
images\split\0348.jpg,0
images\split\0349.jpg,4
images\split\0350.jpg,0
images\split\0351.jpg,0
images\split\0352.jpg,3
images\split\0353.jpg,0
images\split\0354.jpg,0
images\split\0355.jpg,1
images\split\0356.jpg,0
images\split\0357.jpg,0
images\split\0358.jpg,1
images\split\0359.jpg,0
images\split\0360.jpg,4
images\split\0361.jpg,0
images\split\0362.jpg,0
images\split\0363.jpg,0
images\split\0364.jpg,1
images\split\0365.jpg,0
images\split\0366.jpg,0
images\split\0367.jpg,10
images\split\0368.jpg,0
images\split\0369.jpg,0
images\split\0370.jpg,3
images\split\0371.jpg,0
images\split\0372.jpg,0
images\split\0373.jpg,5
images\split\0374.jpg,0
images\split\0375.jpg,2
images\split\0376.jpg,0
images\split\0377.jpg,4
images\split\0378.jpg,0
images\split\0379.jpg,5
images\split\0380.jpg,0
images\split\0381.jpg,0
images\split\0382.jpg,0
images\split\0383.jpg,0
images\split\0384.jpg,0
images\split\0385.jpg,0
images\split\0386.jpg,0
images\split\0387.jpg,2
images\split\0388.jpg,0
images\split\0389.jpg,3
images\split\0390.jpg,0
images\split\0391.jpg,5
images\split\0392.jpg,0
images\split\0393.jpg,0
images\split\0394.jpg,0
images\split\0395.jpg,0
images\split\0396.jpg,0
images\split\0397.jpg,1
images\split\0398.jpg,0
images\split\0399.jpg,0
images\split\0400.jpg,0
images\split\0401.jpg,0
images\split\0402.jpg,0
images\split\0403.jpg,0
images\split\0404.jpg,0
images\split\0405.jpg,0
images\split\0406.jpg,0
images\split\0407.jpg,0
images\split\0408.jpg,0
images\split\0409.jpg,0
images\split\0410.jpg,0
images\split\0411.jpg,0
images\split\0412.jpg,5
images\split\0413.jpg,0
images\split\0414.jpg,0
images\split\0415.jpg,2
images\split\0416.jpg,0
images\split\0417.jpg,0
images\split\0418.jpg,3
images\split\0419.jpg,0
images\split\0420.jpg,3
images\split\0421.jpg,0
images\split\0422.jpg,3
